п»ї"id","stage","date","team_a","team_b","team_a_flag","team_b_flag","score_a","score_b","status"
"1","Grupo A","2026-06-11 15:00","MГ©xico","ГЃfrica do Sul","рџ‡Ірџ‡Ѕ","рџ‡їрџ‡¦","0","0","scheduled"
"2","Grupo A","2026-06-11 22:00","Coreia do Sul","Vencedor Repescagem UEFA D","рџ‡°рџ‡·","рџЏіпёЏ","0","0","scheduled"
"3","Grupo B","2026-06-12 15:00","CanadГЎ","Vencedor Repescagem UEFA A","рџ‡Ёрџ‡¦","рџЏіпёЏ","0","0","scheduled"
"4","Grupo D","2026-06-12 21:00","Estados Unidos","Paraguai","рџ‡єрџ‡ё","рџ‡µрџ‡ѕ","0","0","scheduled"
"5","Grupo B","2026-06-13 15:00","Catar","SuГ­Г§a","рџ‡¶рџ‡¦","рџ‡Ёрџ‡­","0","0","scheduled"
"6","Grupo C","2026-06-13 18:00","Brasil","Marrocos","рџ‡§рџ‡·","рџ‡Ірџ‡¦","0","0","scheduled"
"7","Grupo C","2026-06-13 21:00","Haiti","EscГіcia","рџ‡­рџ‡№","рџЏґу Ѓ§у Ѓўу Ѓіу ЃЈу Ѓґу Ѓї","0","0","scheduled"
"8","Grupo D","2026-06-14 00:00","AustrГЎlia","Vencedor Repescagem UEFA C","рџ‡¦рџ‡є","рџЏіпёЏ","0","0","scheduled"
"9","Grupo E","2026-06-14 13:00","Alemanha","CuraГ§au","рџ‡©рџ‡Є","рџ‡Ёрџ‡ј","0","0","scheduled"
"10","Grupo F","2026-06-14 16:00","Holanda","JapГЈo","рџ‡ірџ‡±","рџ‡Їрџ‡µ","0","0","scheduled"
"11","Grupo E","2026-06-14 19:00","Costa do Marfim","Equador","рџ‡Ёрџ‡®","рџ‡Єрџ‡Ё","0","0","scheduled"
"12","Grupo F","2026-06-14 22:00","Vencedor Repescagem UEFA B","TunГ­sia","рџЏіпёЏ","рџ‡№рџ‡і","0","0","scheduled"
"13","Grupo H","2026-06-15 12:00","Espanha","Cabo Verde","рџ‡Єрџ‡ё","рџ‡Ёрџ‡»","0","0","scheduled"
"14","Grupo G","2026-06-15 15:00","BГ©lgica","Egito","рџ‡§рџ‡Є","рџ‡Єрџ‡¬","0","0","scheduled"
"15","Grupo H","2026-06-15 18:00","ArГЎbia Saudita","Uruguai","рџ‡ёрџ‡¦","рџ‡єрџ‡ѕ","0","0","scheduled"
"16","Grupo G","2026-06-15 21:00","IrГЈ","Nova ZelГўndia","рџ‡®рџ‡·","рџ‡ірџ‡ї","0","0","scheduled"
"17","Grupo I","2026-06-16 15:00","FranГ§a","Senegal","рџ‡«рџ‡·","рџ‡ёрџ‡і","0","0","scheduled"
"18","Grupo I","2026-06-16 18:00","Vencedor Repescagem FIFA 2","Noruega","рџЏіпёЏ","рџ‡ірџ‡ґ","0","0","scheduled"
"19","Grupo J","2026-06-16 21:00","Argentina","ArgГ©lia","рџ‡¦рџ‡·","рџ‡©рџ‡ї","0","0","scheduled"
"20","Grupo J","2026-06-17 00:00","ГЃustria","JordГўnia","рџ‡¦рџ‡№","рџ‡Їрџ‡ґ","0","0","scheduled"
"21","Grupo K","2026-06-17 13:00","Portugal","Vencedor Repescagem FIFA 1","рџ‡µрџ‡№","рџЏіпёЏ","0","0","scheduled"
"22","Grupo L","2026-06-17 16:00","Inglaterra","CroГЎcia","рџЏґу Ѓ§у Ѓўу ЃҐу Ѓ®у Ѓ§у Ѓї","рџ‡­рџ‡·","0","0","scheduled"
"23","Grupo L","2026-06-17 19:00","Gana","PanamГЎ","рџ‡¬рџ‡­","рџ‡µрџ‡¦","0","0","scheduled"
"24","Grupo K","2026-06-17 22:00","UzbequistГЈo","ColГґmbia","рџ‡єрџ‡ї","рџ‡Ёрџ‡ґ","0","0","scheduled"
"25","Grupo A","2026-06-18 12:00","Vencedor Repescagem UEFA D","ГЃfrica do Sul","рџЏіпёЏ","рџ‡їрџ‡¦","","","scheduled"
"26","Grupo B","2026-06-18 15:00","SuГ­Г§a","Vencedor Repescagem UEFA A","рџ‡Ёрџ‡­","рџЏіпёЏ","","","scheduled"
"27","Grupo B","2026-06-18 18:00","CanadГЎ","Catar","рџ‡Ёрџ‡¦","рџ‡¶рџ‡¦","","","scheduled"
"28","Grupo A","2026-06-18 21:00","MГ©xico","Coreia do Sul","рџ‡Ірџ‡Ѕ","рџ‡°рџ‡·","","","scheduled"
"29","Grupo D","2026-06-19 15:00","Estados Unidos","AustrГЎlia","рџ‡єрџ‡ё","рџ‡¦рџ‡є","","","scheduled"
"30","Grupo C","2026-06-19 18:00","EscГіcia","Marrocos","рџЏґу Ѓ§у Ѓўу Ѓіу ЃЈу Ѓґу Ѓї","рџ‡Ірџ‡¦","","","scheduled"
"31","Grupo C","2026-06-19 21:00","Brasil","Haiti","рџ‡§рџ‡·","рџ‡­рџ‡№","","","scheduled"
"32","Grupo D","2026-06-20 00:00","Vencedor Repescagem UEFA C","Paraguai","рџЏіпёЏ","рџ‡µрџ‡ѕ","","","scheduled"
"33","Grupo F","2026-06-20 13:00","Holanda","Vencedor Repescagem UEFA B","рџ‡ірџ‡±","рџЏіпёЏ","","","scheduled"
"34","Grupo E","2026-06-20 16:00","Alemanha","Costa do Marfim","рџ‡©рџ‡Є","рџ‡Ёрџ‡®","","","scheduled"
"35","Grupo E","2026-06-20 20:00","Equador","CuraГ§au","рџ‡Єрџ‡Ё","рџ‡Ёрџ‡ј","","","scheduled"
"36","Grupo F","2026-06-21 00:00","TunГ­sia","JapГЈo","рџ‡№рџ‡і","рџ‡Їрџ‡µ","","","scheduled"
"37","Grupo H","2026-06-21 12:00","Espanha","ArГЎbia Saudita","рџ‡Єрџ‡ё","рџ‡ёрџ‡¦","","","scheduled"
"38","Grupo G","2026-06-21 15:00","BГ©lgica","IrГЈ","рџ‡§рџ‡Є","рџ‡®рџ‡·","","","scheduled"
"39","Grupo H","2026-06-21 18:00","Uruguai","Cabo Verde","рџ‡єрџ‡ѕ","рџ‡Ёрџ‡»","","","scheduled"
"40","Grupo G","2026-06-21 21:00","Nova ZelГўndia","Egito","рџ‡ірџ‡ї","рџ‡Єрџ‡¬","","","scheduled"
"41","Grupo J","2026-06-22 13:00","Argentina","ГЃustria","рџ‡¦рџ‡·","рџ‡¦рџ‡№","","","scheduled"
"42","Grupo I","2026-06-22 17:00","FranГ§a","Vencedor Repescagem FIFA 2","рџ‡«рџ‡·","рџЏіпёЏ","","","scheduled"
"43","Grupo I","2026-06-22 20:00","Noruega","Senegal","рџ‡ірџ‡ґ","рџ‡ёрџ‡і","","","scheduled"
"44","Grupo J","2026-06-22 23:00","JordГўnia","ArgГ©lia","рџ‡Їрџ‡ґ","рџ‡©рџ‡ї","","","scheduled"
"45","Grupo K","2026-06-23 13:00","Portugal","UzbequistГЈo","рџ‡µрџ‡№","рџ‡єрџ‡ї","","","scheduled"
"46","Grupo L","2026-06-23 16:00","Inglaterra","Gana","рџЏґу Ѓ§у Ѓўу ЃҐу Ѓ®у Ѓ§у Ѓї","рџ‡¬рџ‡­","","","scheduled"
"47","Grupo L","2026-06-23 19:00","PanamГЎ","CroГЎcia","рџ‡µрџ‡¦","рџ‡­рџ‡·","","","scheduled"
"48","Grupo K","2026-06-23 22:00","ColГґmbia","Vencedor Repescagem FIFA 1","рџ‡Ёрџ‡ґ","рџЏіпёЏ","","","scheduled"
"49","Grupo B","2026-06-24 15:00","SuГ­Г§a","CanadГЎ","рџ‡Ёрџ‡­","рџ‡Ёрџ‡¦","","","scheduled"
"50","Grupo B","2026-06-24 15:00","Vencedor Repescagem UEFA A","Catar","рџЏіпёЏ","рџ‡¶рџ‡¦","","","scheduled"
"51","Grupo C","2026-06-24 18:00","EscГіcia","Brasil","рџЏґу Ѓ§у Ѓўу Ѓіу ЃЈу Ѓґу Ѓї","рџ‡§рџ‡·","","","scheduled"
"52","Grupo C","2026-06-24 18:00","Marrocos","Haiti","рџ‡Ірџ‡¦","рџ‡­рџ‡№","","","scheduled"
"53","Grupo A","2026-06-24 21:00","Vencedor Repescagem UEFA D","MГ©xico","рџЏіпёЏ","рџ‡Ірџ‡Ѕ","","","scheduled"
"54","Grupo A","2026-06-24 21:00","ГЃfrica do Sul","Coreia do Sul","рџ‡їрџ‡¦","рџ‡°рџ‡·","","","scheduled"
"55","Grupo E","2026-06-25 16:00","CuraГ§au","Costa do Marfim","рџ‡Ёрџ‡ј","рџ‡Ёрџ‡®","","","scheduled"
"56","Grupo E","2026-06-25 16:00","Equador","Alemanha","рџ‡Єрџ‡Ё","рџ‡©рџ‡Є","","","scheduled"
"57","Grupo F","2026-06-25 19:00","JapГЈo","Vencedor Repescagem UEFA B","рџ‡Їрџ‡µ","рџЏіпёЏ","","","scheduled"
"58","Grupo F","2026-06-25 19:00","TunГ­sia","Holanda","рџ‡№рџ‡і","рџ‡ірџ‡±","","","scheduled"
"59","Grupo D","2026-06-25 22:00","Vencedor Repescagem UEFA C","Estados Unidos","рџЏіпёЏ","рџ‡єрџ‡ё","","","scheduled"
"60","Grupo D","2026-06-25 22:00","Paraguai","AustrГЎlia","рџ‡µрџ‡ѕ","рџ‡¦рџ‡є","","","scheduled"
"61","Grupo I","2026-06-26 15:00","Noruega","FranГ§a","рџ‡ірџ‡ґ","рџ‡«рџ‡·","","","scheduled"
"62","Grupo I","2026-06-26 15:00","Senegal","Vencedor Repescagem FIFA 2","рџ‡ёрџ‡і","рџЏіпёЏ","","","scheduled"
"63","Grupo H","2026-06-26 20:00","Cabo Verde","ArГЎbia Saudita","рџ‡Ёрџ‡»","рџ‡ёрџ‡¦","","","scheduled"
"64","Grupo H","2026-06-26 20:00","Uruguai","Espanha","рџ‡єрџ‡ѕ","рџ‡Єрџ‡ё","","","scheduled"
"65","Grupo G","2026-06-26 23:00","Egito","IrГЈ","рџ‡Єрџ‡¬","рџ‡®рџ‡·","","","scheduled"
"66","Grupo G","2026-06-26 23:00","Nova ZelГўndia","BГ©lgica","рџ‡ірџ‡ї","рџ‡§рџ‡Є","","","scheduled"
"67","Grupo L","2026-06-27 17:00","PanamГЎ","Inglaterra","рџ‡µрџ‡¦","рџЏґу Ѓ§у Ѓўу ЃҐу Ѓ®у Ѓ§у Ѓї","","","scheduled"
"68","Grupo L","2026-06-27 17:00","CroГЎcia","Gana","рџ‡­рџ‡·","рџ‡¬рџ‡­","","","scheduled"
"69","Grupo K","2026-06-27 19:30","ColГґmbia","Portugal","рџ‡Ёрџ‡ґ","рџ‡µрџ‡№","","","scheduled"
"70","Grupo K","2026-06-27 19:30","Vencedor Repescagem FIFA 1","UzbequistГЈo","рџЏіпёЏ","рџ‡єрџ‡ї","","","scheduled"
"71","Grupo J","2026-06-27 22:00","ArgГ©lia","ГЃustria","рџ‡©рџ‡ї","рџ‡¦рџ‡№","","","scheduled"
"72","Grupo J","2026-06-27 22:00","JordГўnia","Argentina","рџ‡Їрџ‡ґ","рџ‡¦рџ‡·","","","scheduled"
"73","Fase de 32","2026-06-28 15:00","2Г‚Вє Grupo A","2Г‚Вє Grupo B","рџЏіпёЏ","рџЏіпёЏ","","","scheduled"
"74","Fase de 32","2026-06-29 13:00","1Г‚Вє Grupo C","2Г‚Вє Grupo F","рџЏіпёЏ","рџЏіпёЏ","","","scheduled"
"75","Fase de 32","2026-06-29 16:30","1Г‚Вє Grupo E","Melhor 3Г‚Вє Gr. A/B/C/D/F","рџЏіпёЏ","рџЏіпёЏ","","","scheduled"
"76","Fase de 32","2026-06-29 21:00","1Г‚Вє Grupo F","2Г‚Вє Grupo C","рџЏіпёЏ","рџЏіпёЏ","","","scheduled"
"77","Fase de 32","2026-06-30 13:00","2Г‚Вє Grupo E","2Г‚Вє Grupo I","рџЏіпёЏ","рџЏіпёЏ","","","scheduled"
"78","Fase de 32","2026-06-30 17:00","1Г‚Вє Grupo I","Melhor 3Г‚Вє Gr. C/D/F/G/H","рџЏіпёЏ","рџЏіпёЏ","","","scheduled"
"79","Fase de 32","2026-06-30 21:00","1Г‚Вє Grupo A","Melhor 3Г‚Вє Gr. C/E/F/H/I","рџЏіпёЏ","рџЏіпёЏ","","","scheduled"
"80","Fase de 32","2026-07-01 12:00","1Г‚Вє Grupo L","Melhor 3Г‚Вє Gr. E/H/I/J/K","рџЏіпёЏ","рџЏіпёЏ","","","scheduled"
"81","Fase de 32","2026-07-01 16:00","1Г‚Вє Grupo G","Melhor 3Г‚Вє Gr. A/E/H/I/J","рџЏіпёЏ","рџЏіпёЏ","","","scheduled"
"82","Fase de 32","2026-07-01 20:00","1Г‚Вє Grupo D","Melhor 3Г‚Вє Gr. B/E/F/I/J","рџЏіпёЏ","рџЏіпёЏ","","","scheduled"
"83","Fase de 32","2026-07-02 15:00","1Г‚Вє Grupo H","2Г‚Вє Grupo J","рџЏіпёЏ","рџЏіпёЏ","","","scheduled"
"84","Fase de 32","2026-07-02 19:00","2Г‚Вє Grupo K","2Г‚Вє Grupo L","рџЏіпёЏ","рџЏіпёЏ","","","scheduled"
"85","Fase de 32","2026-07-02 23:00","1Г‚Вє Grupo B","Melhor 3Г‚Вє Gr. E/F/G/I/J","рџЏіпёЏ","рџЏіпёЏ","","","scheduled"
"86","Fase de 32","2026-07-03 14:00","2Г‚Вє Grupo D","2Г‚Вє Grupo G","рџЏіпёЏ","рџЏіпёЏ","","","scheduled"
"87","Fase de 32","2026-07-03 18:00","1Г‚Вє Grupo J","2Г‚Вє Grupo H","рџЏіпёЏ","рџЏіпёЏ","","","scheduled"
"88","Fase de 32","2026-07-03 21:30","1Г‚Вє Grupo K","Melhor 3Г‚Вє Gr. D/E/I/J/L","рџЏіпёЏ","рџЏіпёЏ","","","scheduled"
"89","Oitavas de Final","2026-07-04 13:00","Vencedor Jogo 73","Vencedor Jogo 75","рџЏіпёЏ","рџЏіпёЏ","","","scheduled"
"90","Oitavas de Final","2026-07-04 17:00","Vencedor Jogo 74","Vencedor Jogo 77","рџЏіпёЏ","рџЏіпёЏ","","","scheduled"
"91","Oitavas de Final","2026-07-05 16:00","Vencedor Jogo 76","Vencedor Jogo 78","рџЏіпёЏ","рџЏіпёЏ","","","scheduled"
"92","Oitavas de Final","2026-07-05 20:00","Vencedor Jogo 79","Vencedor Jogo 80","рџЏіпёЏ","рџЏіпёЏ","","","scheduled"
"93","Oitavas de Final","2026-07-06 15:00","Vencedor Jogo 83","Vencedor Jogo 84","рџЏіпёЏ","рџЏіпёЏ","","","scheduled"
"94","Oitavas de Final","2026-07-06 20:00","Vencedor Jogo 81","Vencedor Jogo 82","рџЏіпёЏ","рџЏіпёЏ","","","scheduled"
"95","Oitavas de Final","2026-07-07 12:00","Vencedor Jogo 86","Vencedor Jogo 88","рџЏіпёЏ","рџЏіпёЏ","","","scheduled"
"96","Oitavas de Final","2026-07-07 16:00","Vencedor Jogo 85","Vencedor Jogo 87","рџЏіпёЏ","рџЏіпёЏ","","","scheduled"
"97","Quartas de Final","2026-07-09 16:00","Vencedor Jogo 89","Vencedor Jogo 90","рџЏіпёЏ","рџЏіпёЏ","","","scheduled"
"98","Quartas de Final","2026-07-10 15:00","Vencedor Jogo 93","Vencedor Jogo 94","рџЏіпёЏ","рџЏіпёЏ","","","scheduled"
"99","Quartas de Final","2026-07-11 17:00","Vencedor Jogo 91","Vencedor Jogo 92","рџЏіпёЏ","рџЏіпёЏ","","","scheduled"
"100","Quartas de Final","2026-07-11 21:00","Vencedor Jogo 95","Vencedor Jogo 100","рџЏіпёЏ","рџЏіпёЏ","","","scheduled"
"101","Semifinal","2026-07-14 15:00","Vencedor Jogo 97","Vencedor Jogo 98","рџЏіпёЏ","рџЏіпёЏ","","","scheduled"
"102","Semifinal","2026-07-15 15:00","Vencedor Jogo 99","Vencedor Jogo 100","рџЏіпёЏ","рџЏіпёЏ","","","scheduled"
"103","3Вє Lugar","2026-07-18 17:00","Perdedor Jogo 101","Perdedor Jogo 102","рџЏіпёЏ","рџЏіпёЏ","","","scheduled"
"104","Final","2026-07-19 15:00","Vencedor Jogo 101","Vencedor Jogo 102","рџЏіпёЏ","рџЏіпёЏ","","","scheduled"
